{"cameraMode":{"drawMode":0,"name":"Shaded","section":"Shading Mode"},"sceneLighting":true,"audioPlay":false,"sceneViewState":{"m_AlwaysRefresh":false,"showFog":true,"showSkybox":false,"showFlares":true,"showImageEffects":true,"showParticleSystems":true,"showVisualEffectGraphs":true,"m_FxEnabled":true},"in2DMode":false,"pivot":{"x":-0.36441242694854739,"y":0.9522298574447632,"z":-0.10027080774307251},"rotation":{"x":0.0020799164194613697,"y":0.9976778030395508,"z":-0.027232322841882707,"w":0.06508686393499375},"size":1.9299767017364503,"orthographic":false}