{"cameraMode":{"drawMode":0,"name":"Shaded","section":"Shading Mode"},"sceneLighting":false,"audioPlay":false,"sceneViewState":{"m_AlwaysRefresh":false,"showFog":true,"showSkybox":false,"showFlares":true,"showImageEffects":true,"showParticleSystems":true,"showVisualEffectGraphs":true,"m_FxEnabled":true},"in2DMode":false,"pivot":{"x":0.5383084416389465,"y":0.9979283213615418,"z":0.37047192454338076},"rotation":{"x":-0.17470385134220124,"y":-0.6815000176429749,"z":0.17302283644676209,"w":-0.6893957853317261},"size":0.9933748841285706,"orthographic":false}