{"cameraMode":{"drawMode":0,"name":"Shaded","section":"Shading Mode"},"sceneLighting":false,"audioPlay":false,"sceneViewState":{"m_AlwaysRefresh":false,"showFog":true,"showSkybox":false,"showFlares":true,"showImageEffects":true,"showParticleSystems":true,"showVisualEffectGraphs":true,"m_FxEnabled":true},"in2DMode":false,"pivot":{"x":8.854653358459473,"y":1.5395913124084473,"z":-70.13964080810547},"rotation":{"x":0.013081983663141728,"y":0.9270319938659668,"z":-0.03128618374466896,"w":0.37396055459976199},"size":13.897356033325196,"orthographic":false}