{"cameraMode":{"drawMode":0,"name":"Shaded","section":"Shading Mode"},"sceneLighting":false,"audioPlay":false,"sceneViewState":{"m_AlwaysRefresh":false,"showFog":true,"showSkybox":false,"showFlares":true,"showImageEffects":true,"showParticleSystems":true,"showVisualEffectGraphs":true,"m_FxEnabled":true},"in2DMode":false,"pivot":{"x":18.555133819580079,"y":-7.022940158843994,"z":-19.065366744995118},"rotation":{"x":-0.003874303074553609,"y":-0.9904943108558655,"z":0.13485145568847657,"w":-0.029471348971128465},"size":19.4202880859375,"orthographic":false}