{"cameraMode":{"drawMode":0,"name":"Shaded","section":"Shading Mode"},"sceneLighting":false,"audioPlay":false,"sceneViewState":{"m_AlwaysRefresh":false,"showFog":true,"showSkybox":false,"showFlares":true,"showImageEffects":true,"showParticleSystems":true,"showVisualEffectGraphs":true,"m_FxEnabled":true},"in2DMode":false,"pivot":{"x":-0.3649739921092987,"y":-0.3496386408805847,"z":1.3069307804107667},"rotation":{"x":0.16287656128406526,"y":-0.20004813373088838,"z":0.033751413226127627,"w":0.9655850529670715},"size":2.5367019176483156,"orthographic":false}