{"cameraMode":{"drawMode":0,"name":"Shaded","section":"Shading Mode"},"sceneLighting":false,"audioPlay":false,"sceneViewState":{"m_AlwaysRefresh":false,"showFog":true,"showSkybox":false,"showFlares":true,"showImageEffects":true,"showParticleSystems":true,"showVisualEffectGraphs":true,"m_FxEnabled":true},"in2DMode":false,"pivot":{"x":-0.3439161777496338,"y":0.3548285663127899,"z":0.05403989553451538},"rotation":{"x":-0.006525085307657719,"y":0.9920964241027832,"z":-0.11001382023096085,"w":-0.06319119036197663},"size":0.9704199433326721,"orthographic":false}