{"cameraMode":{"drawMode":0,"name":"Shaded","section":"Shading Mode"},"sceneLighting":false,"audioPlay":false,"sceneViewState":{"m_AlwaysRefresh":false,"showFog":true,"showSkybox":false,"showFlares":true,"showImageEffects":true,"showParticleSystems":true,"showVisualEffectGraphs":true,"m_FxEnabled":true},"in2DMode":false,"pivot":{"x":-0.3161642849445343,"y":0.3572443723678589,"z":-0.6941419839859009},"rotation":{"x":0.0008872357429936528,"y":-0.9776656627655029,"z":0.2102324664592743,"w":0.004099378827959299},"size":0.9713755249977112,"orthographic":false}