{"cameraMode":{"drawMode":0,"name":"Shaded","section":"Shading Mode"},"sceneLighting":false,"audioPlay":false,"sceneViewState":{"m_AlwaysRefresh":false,"showFog":true,"showSkybox":false,"showFlares":true,"showImageEffects":true,"showParticleSystems":true,"showVisualEffectGraphs":true,"m_FxEnabled":true},"in2DMode":false,"pivot":{"x":0.8593406677246094,"y":1.0866039991378785,"z":0.2635788023471832},"rotation":{"x":0.09950470179319382,"y":0.7548375725746155,"z":-0.11779744178056717,"w":0.6376022696495056},"size":1.804795265197754,"orthographic":false}