{"cameraMode":{"drawMode":0,"name":"Shaded","section":"Shading Mode"},"sceneLighting":false,"audioPlay":false,"sceneViewState":{"m_AlwaysRefresh":false,"showFog":true,"showSkybox":false,"showFlares":true,"showImageEffects":true,"showParticleSystems":true,"showVisualEffectGraphs":true,"m_FxEnabled":true},"in2DMode":false,"pivot":{"x":9.489713668823243,"y":3.4082584381103517,"z":11.601192474365235},"rotation":{"x":0.010115827433764935,"y":0.9897785782814026,"z":-0.09833336621522904,"w":0.10346313565969467},"size":1.5426442623138428,"orthographic":false}