{"cameraMode":{"drawMode":0,"name":"Shaded","section":"Shading Mode"},"sceneLighting":true,"audioPlay":false,"sceneViewState":{"m_AlwaysRefresh":false,"showFog":true,"showSkybox":false,"showFlares":true,"showImageEffects":true,"showParticleSystems":true,"showVisualEffectGraphs":true,"m_FxEnabled":true},"in2DMode":false,"pivot":{"x":0.08024785667657852,"y":1.5838462114334107,"z":6.043463230133057},"rotation":{"x":-0.0988437607884407,"y":-0.17077873647212983,"z":0.01732068881392479,"w":-0.9802834987640381},"size":0.663500189781189,"orthographic":false}