{"cameraMode":{"drawMode":0,"name":"Shaded","section":"Shading Mode"},"sceneLighting":false,"audioPlay":false,"sceneViewState":{"m_AlwaysRefresh":false,"showFog":true,"showSkybox":false,"showFlares":true,"showImageEffects":true,"showParticleSystems":true,"showVisualEffectGraphs":true,"m_FxEnabled":true},"in2DMode":false,"pivot":{"x":46.109962463378909,"y":2.7263197898864748,"z":-32.15446853637695},"rotation":{"x":0.0014815767062827945,"y":-0.9970428943634033,"z":0.07674431800842285,"w":0.025362763553857805},"size":4.263716697692871,"orthographic":false}