{"cameraMode":{"drawMode":0,"name":"Shaded","section":"Shading Mode"},"sceneLighting":true,"audioPlay":false,"sceneViewState":{"m_AlwaysRefresh":false,"showFog":true,"showSkybox":false,"showFlares":true,"showImageEffects":true,"showParticleSystems":true,"showVisualEffectGraphs":true,"m_FxEnabled":true},"in2DMode":false,"pivot":{"x":-0.828796923160553,"y":0.9485297203063965,"z":-0.23343929648399354},"rotation":{"x":-0.04822778329253197,"y":0.047368478029966357,"z":-0.0026235762052237989,"w":-0.9978780150413513},"size":1.029976725578308,"orthographic":false}