{"cameraMode":{"drawMode":0,"name":"Shaded","section":"Shading Mode"},"sceneLighting":false,"audioPlay":false,"sceneViewState":{"showFog":true,"showMaterialUpdate":false,"showSkybox":true,"showFlares":true,"showImageEffects":true,"showParticleSystems":true},"in2DMode":false,"pivot":{"x":0.0,"y":0.9894982576370239,"z":-0.005494982004165649},"rotation":{"x":-0.14191558957099915,"y":-0.07505820691585541,"z":0.010791942477226258,"w":-0.9869726896286011},"size":3.151827335357666,"orthographic":false}