{"cameraMode":{"drawMode":0,"name":"Shaded","section":"Shading Mode"},"sceneLighting":true,"audioPlay":false,"sceneViewState":{"m_AlwaysRefresh":false,"showFog":true,"showSkybox":false,"showFlares":true,"showImageEffects":true,"showParticleSystems":true,"showVisualEffectGraphs":true,"m_FxEnabled":true},"in2DMode":false,"pivot":{"x":1.4950685501098633,"y":0.39046910405158999,"z":-0.44027820229530337},"rotation":{"x":0.07038237154483795,"y":0.8136308789253235,"z":-0.10053157806396485,"w":0.5685909986495972},"size":1.3299767971038819,"orthographic":false}