{"cameraMode":{"drawMode":0,"name":"Shaded","section":"Shading Mode"},"sceneLighting":false,"audioPlay":false,"sceneViewState":{"m_AlwaysRefresh":false,"showFog":true,"showSkybox":false,"showFlares":true,"showImageEffects":true,"showParticleSystems":true,"showVisualEffectGraphs":true,"m_FxEnabled":true},"in2DMode":false,"pivot":{"x":-0.002443961799144745,"y":0.10090011358261109,"z":0.18748372793197633},"rotation":{"x":-0.15255223214626313,"y":-0.7013630867004395,"z":0.15799210965633393,"w":-0.6782408356666565},"size":0.5399957895278931,"orthographic":false}