{"cameraMode":{"drawMode":0,"name":"Shaded","section":"Shading Mode"},"sceneLighting":false,"audioPlay":false,"sceneViewState":{"m_AlwaysRefresh":false,"showFog":true,"showSkybox":false,"showFlares":true,"showImageEffects":true,"showParticleSystems":true,"showVisualEffectGraphs":true,"m_FxEnabled":true},"in2DMode":false,"pivot":{"x":2.2360916137695314,"y":4.391193866729736,"z":0.49938535690307619},"rotation":{"x":0.23025019466876985,"y":-0.6081620454788208,"z":0.1907816082239151,"w":0.7356032729148865},"size":1.5420202016830445,"orthographic":false}