{"cameraMode":{"drawMode":0,"name":"Shaded","section":"Shading Mode"},"sceneLighting":false,"audioPlay":false,"sceneViewState":{"m_AlwaysRefresh":false,"showFog":true,"showSkybox":false,"showFlares":true,"showImageEffects":true,"showParticleSystems":true,"showVisualEffectGraphs":true,"m_FxEnabled":true},"in2DMode":false,"pivot":{"x":1.8238494396209717,"y":1.0604448318481446,"z":-1.9601410627365113},"rotation":{"x":-0.0004576337814796716,"y":0.9984090328216553,"z":-0.05668007582426071,"w":-0.008084889501333237},"size":3.0832462310791017,"orthographic":false}